Decision Item,Source ID,Source Type,Original Alignment,Case,Original Statement,Decision Substatement,Decision,Requirement Status,Implementation Status,Delivery,Finding Group,Technical Debt Ref,Rationale,E4 Source Evidence,Audit Notes,Affected Documents
FR-002,FR-002,Requirement,MISMATCH,Case B,Projectにtopic、objective、decision contextおよびmemoを保持できる,Project / ResearchContextVersion responsibility ownership,D1,ACTIVE,IMPLEMENTED,BASELINE,domain_ownership_and_lifecycle,,Projectのcurrent field ownershipを正とし、decision_contextはResearchContextVersion側の正本として文書を訂正する。,src/ariadne/product/domain/project.py; product/persistence/orm_models.py; interfaces/web_api/routers/projects.py,Project entity/API has topic/objective/memo but no decision_context; decision_context belongs to ResearchContextVersion.,03_requirements_revision.md; 04_design_revision.md; 05_requirements_design_consistency_and_traceability_review.md; 10_requirements_definition.md; 21_logical_data_design.md; 22_product_basic_design.md; 23_api_interface_design.md; 30_detailed_design.md
FR-015,FR-015,Requirement,MISMATCH,Case B,Analysis Viewの式と参照列を型付きSchemaで検証する,AnalysisView filter operator/value × column logical type compatibility validation,D2,ACTIVE,NOT_IMPLEMENTED,ENH-E5,analysis_view_validation,,既存validatorの局所的なtyped-validation gapをENH-E5で補完する。,product/domain/analysis_view.py; interfaces/web_api/routers/dataset_versions.py; exploratory/view compiler; frontend,"AnalysisView validates shape/known columns/deterministic compilation, but filter operator/value logical-type compatibility is not enforced by the domain validator.",03_requirements_revision.md; 04_design_revision.md; 05_requirements_design_consistency_and_traceability_review.md; 10_requirements_definition.md; 22_product_basic_design.md; 23_api_interface_design.md; 30_detailed_design.md; GXX/06_*.md or Pxx; GXX/07_*.md
D21-005,D21-005,Design,MISMATCH,Case B,filter operator/value type are checked against column logical type,AnalysisView typed filter constraint,D2,ACTIVE,NOT_IMPLEMENTED,ENH-E5,analysis_view_validation,,FR-015と同一root decision。,analysis_view.py,Domain validator checks envelope/array uniqueness/derived names but not filter operator/value logical-type compatibility.,03_requirements_revision.md; 04_design_revision.md; 05_requirements_design_consistency_and_traceability_review.md; 21_logical_data_design.md; 22_product_basic_design.md; 23_api_interface_design.md; 30_detailed_design.md; GXX/06_*.md or Pxx; GXX/07_*.md
FR-020,FR-020,Requirement,MISMATCH,Case B,Exploreのfilter・chart状態からAnalysis View draftを作成できる,Explore filter/chart state → AnalysisView draft handoff,D2,ACTIVE,NOT_IMPLEMENTED,ENH-E5,exploratory_workflow,,Exploratoryから再利用可能なAnalysisView draftへのworkflow continuityをENH-E5で成立させる。,product/domain/analysis_view.py; interfaces/web_api/routers/dataset_versions.py; exploratory/view compiler; frontend,No implemented Explore filter/chart-state -> AnalysisView draft conversion was found in the E4 frontend/application path.,03_requirements_revision.md; 04_design_revision.md; 05_requirements_design_consistency_and_traceability_review.md; 10_requirements_definition.md; 22_product_basic_design.md; 23_api_interface_design.md; 30_detailed_design.md; GXX/06_*.md or Pxx; GXX/07_*.md
FR-021,FR-021,Requirement,MISMATCH,Case B,機微列、利用制限および説明をcolumn metadataへ付与できる,Sensitive/use-restriction/description column metadata,D3,DEFERRED,NOT_IMPLEMENTED,FUTURE,security_privacy,TD-006,合理的な将来targetだが、data-use policy全体へ波及するためENH-E5では延期する。,product/domain/analysis_view.py; interfaces/web_api/routers/dataset_versions.py; exploratory/view compiler; frontend,Dataset column metadata is essentially logical type/schema; sensitive/use-restriction/description metadata was not implemented.,03_requirements_revision.md; 04_design_revision.md; 05_requirements_design_consistency_and_traceability_review.md; 10_requirements_definition.md; 21_logical_data_design.md; 22_product_basic_design.md; 23_api_interface_design.md; 30_detailed_design.md; 90_technical_debt_and_future_enhancements.md
FR-028,FR-028,Requirement,MISMATCH,Case B,correlation / association matrixを型に応じて生成できる,Correlation / association matrix operation,D3,DEFERRED,NOT_IMPLEMENTED,FUTURE,exploratory_workflow,TD-007,Exploratory analytical surface拡張でありENH-E5成立条件ではない。,capabilities/exploratory/planner.py; capabilities/exploratory/runners.py; interfaces/web_api/routers/exploration.py,Exploratory operations do not include a correlation/association matrix operation.,03_requirements_revision.md; 04_design_revision.md; 05_requirements_design_consistency_and_traceability_review.md; 10_requirements_definition.md; 22_product_basic_design.md; 23_api_interface_design.md; 30_detailed_design.md; 90_technical_debt_and_future_enhancements.md
FR-032,FR-032,Requirement,MISMATCH,Case B,探索ResultからCausalまたはPredictive Analysis Specificationのdraftを作成できる,Exploratory Result → Causal/Predictive AnalysisSpecification draft,D2,ACTIVE,NOT_IMPLEMENTED,ENH-E5,exploratory_workflow,,Family間handoffをENH-E5で明示的に成立させる。,capabilities/exploratory/planner.py; capabilities/exploratory/runners.py; interfaces/web_api/routers/exploration.py,No implemented Exploratory Result -> Causal/Predictive AnalysisSpecification draft conversion was confirmed.,03_requirements_revision.md; 04_design_revision.md; 05_requirements_design_consistency_and_traceability_review.md; 10_requirements_definition.md; 22_product_basic_design.md; 23_api_interface_design.md; 30_detailed_design.md; GXX/06_*.md or Pxx; GXX/07_*.md
FR-062,FR-062,Requirement,MISMATCH,Case B,validation partitionまたはcross-validationでhyperparameter selectionを行える,Automated hyperparameter selection,D3,DEFERRED,NOT_IMPLEMENTED,FUTURE,predictive_scientific,TD-008,独立したmodel selection capability拡張でありENH-E5では延期する。,capabilities/predictive/validation.py; planner.py; metrics.py; training/explanation runners,Predictive validation explicitly rejects non-empty automated tuning candidates; automated hyperparameter selection is not supported.,03_requirements_revision.md; 04_design_revision.md; 05_requirements_design_consistency_and_traceability_review.md; 10_requirements_definition.md; 22_product_basic_design.md; 23_api_interface_design.md; 30_detailed_design.md; 90_technical_debt_and_future_enhancements.md
FR-067,FR-067,Requirement,MISMATCH,Case B,指定subgroupごとのperformanceとsample sizeを確認できる,Subgroup performance + sample size,D2,ACTIVE,NOT_IMPLEMENTED,ENH-E5,subgroup_evaluation,,evaluation_spec.subgroupsをsemantic no-opにせず既存evaluate contractを完成させる。,capabilities/predictive/validation.py; planner.py; metrics.py; training/explanation runners,"Subgroups are accepted in evaluation_spec, but subgroup performance computation/output was not found.",03_requirements_revision.md; 04_design_revision.md; 05_requirements_design_consistency_and_traceability_review.md; 10_requirements_definition.md; 22_product_basic_design.md; 23_api_interface_design.md; 30_detailed_design.md; GXX/06_*.md or Pxx; GXX/07_*.md
AR-016,AR-016,Requirement,MISMATCH,Case B,subgroup metricはsample sizeと不確実性を併記する,Subgroup metric uncertainty,D2,ACTIVE,NOT_IMPLEMENTED,ENH-E5,subgroup_evaluation,,subgroup metricの誤解を防ぐためsample sizeとuncertaintyを一体で提供する。,family capability validation/runners; comparison/lineage/product closure services,Subgroup metrics/uncertainty output is not implemented.,03_requirements_revision.md; 04_design_revision.md; 05_requirements_design_consistency_and_traceability_review.md; 10_requirements_definition.md; 22_product_basic_design.md; 23_api_interface_design.md; 30_detailed_design.md; GXX/06_*.md or Pxx; GXX/07_*.md
FR-090,FR-090,Requirement,MISMATCH,Case B,共通Result Envelopeにfamily、type、schema version、execution、stageを保持する,Canonical Result ownership/descriptor contract,D1,ACTIVE,IMPLEMENTED,BASELINE,canonical_result_artifact,,family/schema_version/stageの一律direct ownershipを撤回しcurrent canonical Result modelへ訂正する。,product/persistence/orm_models.py; product/application/product_closure_service.py; comparison/lineage services; results router,Canonical Result does not directly contain family or generic schema_version; execution result may have no stage_execution_id.,03_requirements_revision.md; 04_design_revision.md; 05_requirements_design_consistency_and_traceability_review.md; 10_requirements_definition.md; 21_logical_data_design.md; 22_product_basic_design.md; 23_api_interface_design.md; 30_detailed_design.md
FR-092,FR-092,Requirement,MISMATCH,Case B,Artifactにfamily、type、schema version、media type、hash、sizeを保持する,Canonical Artifact descriptor/ownership contract,D1,ACTIVE,IMPLEMENTED,BASELINE,canonical_result_artifact,,family/schema_versionの一律direct ownershipを撤回しcurrent Artifact contractへ訂正する。,product/persistence/orm_models.py; product/application/product_closure_service.py; comparison/lineage services; results router,Canonical Artifact contains type/media/hash/size but not family or generic schema_version.,03_requirements_revision.md; 04_design_revision.md; 05_requirements_design_consistency_and_traceability_review.md; 10_requirements_definition.md; 21_logical_data_design.md; 22_product_basic_design.md; 23_api_interface_design.md; 30_detailed_design.md
NFR-013,NFR-013,Requirement,MISMATCH,Case B,すべてのSpec、Plan、Result、Artifact descriptorにschema versionを持つ,Versioning at contract boundaries rather than generic field on every entity,D1,ACTIVE,IMPLEMENTED,BASELINE,canonical_result_artifact,,各versioned contract境界でversionを識別するcurrent modelを正とする。,cross-cutting source/tests: domain/workflow/persistence/web API/worker/frontend/adapters,"Spec/Plan have schema versions, but canonical Result/Artifact descriptors do not each directly carry a generic schema_version.",03_requirements_revision.md; 04_design_revision.md; 05_requirements_design_consistency_and_traceability_review.md; 10_requirements_definition.md; 21_logical_data_design.md; 22_product_basic_design.md; 23_api_interface_design.md; 30_detailed_design.md
FR-108,FR-108,Requirement,MISMATCH,Case B,Result、Execution、Graph、Analysisへ直接遷移できる,Direct/deep resource navigation,D2,ACTIVE,NOT_IMPLEMENTED,ENH-E5,frontend_navigation_and_state,,ENH-E5のnavigation architecture改修へ直接含める。,product/persistence/orm_models.py; product/application/product_closure_service.py; comparison/lineage services; results router,Frontend routes are workspace surfaces; dedicated deep routes to Result/Execution/Graph/Analysis resources are not generally implemented.,03_requirements_revision.md; 04_design_revision.md; 05_requirements_design_consistency_and_traceability_review.md; 10_requirements_definition.md; 22_product_basic_design.md; 23_api_interface_design.md; 30_detailed_design.md; GXX/06_*.md or Pxx; GXX/07_*.md
FR-110a,FR-110,Requirement,MISMATCH,Case B,一覧と比較でfamily、status、dataset、context、dateによるfilterを提供する,Existing results filters (family/type/status等),D1,ACTIVE,IMPLEMENTED,BASELINE,frontend_navigation_and_state,,現実装で成立しているfilter capabilityをcurrent contractとして記述する。,frontend/app.js; frontend/index.html; interfaces/web_api/app.py; routers,Results UI filters by a narrower set (e.g. family/type/status); dataset/context/date filtering is not fully implemented.,03_requirements_revision.md; 04_design_revision.md; 05_requirements_design_consistency_and_traceability_review.md; 10_requirements_definition.md; 22_product_basic_design.md; 23_api_interface_design.md; 30_detailed_design.md
FR-110b,FR-110,Requirement,MISMATCH,Case B,一覧と比較でfamily、status、dataset、context、dateによるfilterを提供する,Dataset/context/date filter expansion,D3,DEFERRED,NOT_IMPLEMENTED,FUTURE,frontend_navigation_and_state,TD-010,追加検索surfaceはENH-E5成立条件ではない。,frontend/app.js; frontend/index.html; interfaces/web_api/app.py; routers,Results UI filters by a narrower set (e.g. family/type/status); dataset/context/date filtering is not fully implemented.,03_requirements_revision.md; 04_design_revision.md; 05_requirements_design_consistency_and_traceability_review.md; 10_requirements_definition.md; 22_product_basic_design.md; 23_api_interface_design.md; 30_detailed_design.md; 90_technical_debt_and_future_enhancements.md
FR-114a,FR-114,Requirement,MISMATCH,Case B,作成系APIでidempotency keyを受け付ける,Create APIであること自体をidempotency applicability基準にする要求,D1,ACTIVE,IMPLEMENTED,BASELINE,command_idempotency,,HTTP createか否かではなく重複side effectリスクを基準にRequirementを訂正する。,frontend/app.js; frontend/index.html; interfaces/web_api/app.py; routers,"Some create endpoints accept Idempotency-Key, but Project creation and other create APIs do not.",03_requirements_revision.md; 04_design_revision.md; 05_requirements_design_consistency_and_traceability_review.md; 10_requirements_definition.md; 22_product_basic_design.md; 23_api_interface_design.md; 30_detailed_design.md
FR-114b,FR-114,Requirement,MISMATCH,Case B,作成系APIでidempotency keyを受け付ける,Idempotency-required Command APIでIdempotency-Keyを受理,D2,ACTIVE,NOT_IMPLEMENTED,ENH-E5,command_idempotency,,既存mechanismのcoverageを必要なCommandへ統一する。,frontend/app.js; frontend/index.html; interfaces/web_api/app.py; routers,"Some create endpoints accept Idempotency-Key, but Project creation and other create APIs do not.",03_requirements_revision.md; 04_design_revision.md; 05_requirements_design_consistency_and_traceability_review.md; 10_requirements_definition.md; 22_product_basic_design.md; 23_api_interface_design.md; 30_detailed_design.md; GXX/06_*.md or Pxx; GXX/07_*.md
FR-118,FR-118,Requirement,MISMATCH,Case B,CLIからFamily別Specificationをsubmitしstatus/resultを取得できる,Product submit/poll CLI,D3,DEFERRED,NOT_IMPLEMENTED,FUTURE,frontend_navigation_and_state,TD-009,current scientific CLIを維持しProduct orchestration CLIは将来拡張へ送る。,frontend/app.js; frontend/index.html; interfaces/web_api/app.py; routers,Current scientific CLI runs local/headless scientific stages; it is not a generic Product CLI for submitting Family specifications and polling Product status/results.,03_requirements_revision.md; 04_design_revision.md; 05_requirements_design_consistency_and_traceability_review.md; 10_requirements_definition.md; 22_product_basic_design.md; 23_api_interface_design.md; 30_detailed_design.md; 90_technical_debt_and_future_enhancements.md
FR-122,FR-122,Requirement,MISMATCH,Case B,作成、更新、archive、execution、cancel、retry、exportをaudit logへ記録する,General operational audit trail,D3,DEFERRED,NOT_IMPLEMENTED,FUTURE,audit_retention,TD-001,要求方向は合理的だが横断audit基盤となるためENH-E5では延期する。,interfaces/web_api/app.py; routers; product_closure_service.py; dependencies.py; adapters,No general AuditLog domain/persistence resource implementing the listed action audit contract was found.,03_requirements_revision.md; 04_design_revision.md; 05_requirements_design_consistency_and_traceability_review.md; 10_requirements_definition.md; 22_product_basic_design.md; 23_api_interface_design.md; 30_detailed_design.md; 90_technical_debt_and_future_enhancements.md
FR-126,FR-126,Requirement,MISMATCH,Case B,Metadata、Artifact、logの保持期間と削除policyを設定できる,Configurable retention/deletion policy,D3,DEFERRED,NOT_IMPLEMENTED,FUTURE,audit_retention,TD-002,要求方向は合理的だが独立したretention/deletion policy設計が必要。,interfaces/web_api/app.py; routers; product_closure_service.py; dependencies.py; adapters,No configurable metadata/artifact/log retention and deletion policy implementation was found.,03_requirements_revision.md; 04_design_revision.md; 05_requirements_design_consistency_and_traceability_review.md; 10_requirements_definition.md; 22_product_basic_design.md; 23_api_interface_design.md; 30_detailed_design.md; 90_technical_debt_and_future_enhancements.md
FR-127a,FR-127,Requirement,MISMATCH,Case B,API、DB、Worker、Artifact Storeのhealth / readinessを提供する,Existing basic health endpoint,D1,ACTIVE,IMPLEMENTED,BASELINE,operability,,現存するbasic health contractのみcurrent contractとして記述する。,interfaces/web_api/app.py; routers; product_closure_service.py; dependencies.py; adapters,"`/health/ready` returns only `{""status"":""ok""}` and does not check API/DB/Worker/Artifact Store component readiness.",03_requirements_revision.md; 04_design_revision.md; 05_requirements_design_consistency_and_traceability_review.md; 10_requirements_definition.md; 22_product_basic_design.md; 23_api_interface_design.md; 30_detailed_design.md
FR-127b,FR-127,Requirement,MISMATCH,Case B,API、DB、Worker、Artifact Storeのhealth / readinessを提供する,DB/Worker/Artifact Store component readiness,D3,DEFERRED,NOT_IMPLEMENTED,FUTURE,operability,TD-011,component readinessは独立operability enhancementとして延期する。,interfaces/web_api/app.py; routers; product_closure_service.py; dependencies.py; adapters,"`/health/ready` returns only `{""status"":""ok""}` and does not check API/DB/Worker/Artifact Store component readiness.",03_requirements_revision.md; 04_design_revision.md; 05_requirements_design_consistency_and_traceability_review.md; 10_requirements_definition.md; 22_product_basic_design.md; 23_api_interface_design.md; 30_detailed_design.md; 90_technical_debt_and_future_enhancements.md
FR-128a,FR-128,Requirement,MISMATCH,Case B,Algorithm、Runner、size limit、timeoutをconfigurationで管理する,Registry-based Algorithm / Runner management,D1,ACTIVE,IMPLEMENTED,BASELINE,resource_control,,current registry/capability resolutionを正本とし外部config loadingをmandatory contractとしない。,interfaces/web_api/app.py; routers; product_closure_service.py; dependencies.py; adapters,Algorithm/runner/size/timeout configuration is not comprehensively externalized/configurable.,03_requirements_revision.md; 04_design_revision.md; 05_requirements_design_consistency_and_traceability_review.md; 10_requirements_definition.md; 22_product_basic_design.md; 23_api_interface_design.md; 30_detailed_design.md
FR-128b,FR-128,Requirement,MISMATCH,Case B,Algorithm、Runner、size limit、timeoutをconfigurationで管理する,Operational size/timeout configuration,D3,DEFERRED,NOT_IMPLEMENTED,FUTURE,resource_control,TD-004,resource policyの独立設計が必要なため延期する。,interfaces/web_api/app.py; routers; product_closure_service.py; dependencies.py; adapters,Algorithm/runner/size/timeout configuration is not comprehensively externalized/configurable.,03_requirements_revision.md; 04_design_revision.md; 05_requirements_design_consistency_and_traceability_review.md; 10_requirements_definition.md; 22_product_basic_design.md; 23_api_interface_design.md; 30_detailed_design.md; 90_technical_debt_and_future_enhancements.md
NFR-004,NFR-004,Requirement,MISMATCH,Case B,通常一覧・詳細APIの95 percentileを2秒以内、重い集計は非同期化する,General p95 API SLO / performance regression gate,D3,DEFERRED,NOT_IMPLEMENTED,FUTURE,operability,TD-012,benchmark environment等を伴う独立performance workとして延期する。,cross-cutting source/tests: domain/workflow/persistence/web API/worker/frontend/adapters,No evidence of a 95th-percentile <=2s acceptance/performance implementation or regression gate was found.,03_requirements_revision.md; 04_design_revision.md; 05_requirements_design_consistency_and_traceability_review.md; 10_requirements_definition.md; 22_product_basic_design.md; 23_api_interface_design.md; 30_detailed_design.md; 90_technical_debt_and_future_enhancements.md
NFR-017,NFR-017,Requirement,MISMATCH,Case B,upload size、row count、column count、memory、timeoutに明示上限を持つ,Explicit upload/row/column/memory/timeout hard limits,D3,DEFERRED,NOT_IMPLEMENTED,FUTURE,resource_control,TD-004,包括的resource control/sandbox設計が必要。,cross-cutting source/tests: domain/workflow/persistence/web API/worker/frontend/adapters,No comprehensive explicit limits for upload size/rows/columns/memory/timeout were found.,03_requirements_revision.md; 04_design_revision.md; 05_requirements_design_consistency_and_traceability_review.md; 10_requirements_definition.md; 22_product_basic_design.md; 23_api_interface_design.md; 30_detailed_design.md; 90_technical_debt_and_future_enhancements.md
NFR-020a,NFR-020,Requirement,MISMATCH,Case B,Local filesystemとobject storageをPortで切り替えられる,ArtifactStore Port abstraction,D1,ACTIVE,IMPLEMENTED,BASELINE,storage_portability,,current ArtifactStore Port abstractionを正本として維持する。,cross-cutting source/tests: domain/workflow/persistence/web API/worker/frontend/adapters,"ArtifactStore Port exists, but current adapter/wiring contains only LocalArtifactStore; no object-storage adapter is available to switch to.",03_requirements_revision.md; 04_design_revision.md; 05_requirements_design_consistency_and_traceability_review.md; 10_requirements_definition.md; 22_product_basic_design.md; 23_api_interface_design.md; 30_detailed_design.md
NFR-020b,NFR-020,Requirement,MISMATCH,Case B,Local filesystemとobject storageをPortで切り替えられる,Object-storage adapter / switching,D3,DEFERRED,NOT_IMPLEMENTED,FUTURE,storage_portability,TD-005,Portは成立済みだがobject-storage adapterは独立deployment enhancementとして延期する。,cross-cutting source/tests: domain/workflow/persistence/web API/worker/frontend/adapters,"ArtifactStore Port exists, but current adapter/wiring contains only LocalArtifactStore; no object-storage adapter is available to switch to.",03_requirements_revision.md; 04_design_revision.md; 05_requirements_design_consistency_and_traceability_review.md; 10_requirements_definition.md; 22_product_basic_design.md; 23_api_interface_design.md; 30_detailed_design.md; 90_technical_debt_and_future_enhancements.md
AR-017,AR-017,Requirement,MISMATCH,Case B,Result比較は同一Task / Estimand / Outcome等の比較可能性を検証する,Semantic result comparability,D2,ACTIVE,NOT_IMPLEMENTED,ENH-E5,scientific_comparability,,same family/typeだけでなくTask/Estimand/Outcome等のsemantic comparability guardを完成させる。,family capability validation/runners; comparison/lineage/product closure services,"Result comparison validates same family/result type, not same Task/Estimand/Outcome semantic comparability.",03_requirements_revision.md; 04_design_revision.md; 05_requirements_design_consistency_and_traceability_review.md; 10_requirements_definition.md; 22_product_basic_design.md; 23_api_interface_design.md; 30_detailed_design.md; GXX/06_*.md or Pxx; GXX/07_*.md
D10-004,D10-004,Design,MISMATCH,Case B,Stage state diagram is complete,StageExecution CANCELLED transitions,D1,ACTIVE,IMPLEMENTED,BASELINE,domain_ownership_and_lifecycle,,sourceで成立するCANCELLED transitionを文書へ反映する純粋なdocumentation drift correction。,product/domain/stage_execution.py; persistence/orm_models.py,Document omits CANCELLED transitions that implementation supports from PENDING/READY/RUNNING.,03_requirements_revision.md; 04_design_revision.md; 05_requirements_design_consistency_and_traceability_review.md; 22_product_basic_design.md; 23_api_interface_design.md; 30_detailed_design.md
D10-005a,D10-005,Design,MISMATCH,Case B,read/write/execute/Operator permission taxonomy is the implemented authorization model,Project role taxonomy OWNER/EDITOR/VIEWER,D1,ACTIVE,IMPLEMENTED,BASELINE,authorization,,persisted current role taxonomyを正本とする。,product/application/product_closure_service.py; web routers,Persisted Project roles are OWNER/EDITOR/VIEWER; no distinct execute/Operator role model exists and authorization is not uniformly applied to all routers.,03_requirements_revision.md; 04_design_revision.md; 05_requirements_design_consistency_and_traceability_review.md; 22_product_basic_design.md; 23_api_interface_design.md; 30_detailed_design.md
D10-005b,D10-005,Design,MISMATCH,Case B,read/write/execute/Operator permission taxonomy is the implemented authorization model,Uniform Project-scoped authorization across routers,D2,ACTIVE,NOT_IMPLEMENTED,ENH-E5,authorization,,既存ProjectMembership authorization boundaryの適用漏れをENH-E5で解消する。,product/application/product_closure_service.py; web routers,Persisted Project roles are OWNER/EDITOR/VIEWER; no distinct execute/Operator role model exists and authorization is not uniformly applied to all routers.,03_requirements_revision.md; 04_design_revision.md; 05_requirements_design_consistency_and_traceability_review.md; 22_product_basic_design.md; 23_api_interface_design.md; 30_detailed_design.md; GXX/06_*.md or Pxx; GXX/07_*.md
D10-005c,D10-005,Design,MISMATCH,Case B,read/write/execute/Operator permission taxonomy is the implemented authorization model,Distinct Operator / system-operate authorization,D3,DEFERRED,NOT_IMPLEMENTED,FUTURE,authorization,TD-003,system-level operator modelは独立security/operations enhancementとして延期する。,product/application/product_closure_service.py; web routers,Persisted Project roles are OWNER/EDITOR/VIEWER; no distinct execute/Operator role model exists and authorization is not uniformly applied to all routers.,03_requirements_revision.md; 04_design_revision.md; 05_requirements_design_consistency_and_traceability_review.md; 22_product_basic_design.md; 23_api_interface_design.md; 30_detailed_design.md; 90_technical_debt_and_future_enhancements.md
D10-006a,D10-006,Design,MISMATCH,Case B,artifact deletion audit + general audit fields + retention contract are implemented,General Audit contract,D3,DEFERRED,NOT_IMPLEMENTED,FUTURE,audit_retention,TD-001,FR-122と同一root decision。,persistence/orm_models.py; adapters/local_artifact_store.py; web/application services,"Annotation revision history exists, but no general AuditLog resource and no configurable retention/deletion audit contract exists; LocalArtifactStore.delete removes file directly.",03_requirements_revision.md; 04_design_revision.md; 05_requirements_design_consistency_and_traceability_review.md; 22_product_basic_design.md; 23_api_interface_design.md; 30_detailed_design.md; 90_technical_debt_and_future_enhancements.md
D10-006b,D10-006,Design,MISMATCH,Case B,artifact deletion audit + general audit fields + retention contract are implemented,Retention/deletion contract,D3,DEFERRED,NOT_IMPLEMENTED,FUTURE,audit_retention,TD-002,FR-126と同一root decision。,persistence/orm_models.py; adapters/local_artifact_store.py; web/application services,"Annotation revision history exists, but no general AuditLog resource and no configurable retention/deletion audit contract exists; LocalArtifactStore.delete removes file directly.",03_requirements_revision.md; 04_design_revision.md; 05_requirements_design_consistency_and_traceability_review.md; 22_product_basic_design.md; 23_api_interface_design.md; 30_detailed_design.md; 90_technical_debt_and_future_enhancements.md
D22-001,D22-001,Design,MISMATCH,Case B,Metadata DB / Outbox / Artifact Store are current runtime components,Outbox as current runtime component,D1,ACTIVE,IMPLEMENTED,BASELINE,architecture_overstatement,,current implementationに存在しないOutboxをcurrent architectureから除去する。,persistence/orm_models.py; product source tree,No canonical Product Outbox resource/publisher is present in E4 completion implementation.,03_requirements_revision.md; 04_design_revision.md; 05_requirements_design_consistency_and_traceability_review.md; 22_product_basic_design.md; 23_api_interface_design.md; 30_detailed_design.md
D22-002,D22-002,Design,MISMATCH,Case B,"implemented Port set includes repository, artifact store, runner, clock, auth, event",Runner/Auth/Event Ports as current implemented Ports,D1,ACTIVE,IMPLEMENTED,BASELINE,architecture_overstatement,,sourceで確認されたPort setだけをcurrent architectureに記載する。,src/ariadne/product/ports directory,"Current product ports are artifact_store, clock, repositories, scientific_core, unit_of_work; runner/auth/event ports are not present.",03_requirements_revision.md; 04_design_revision.md; 05_requirements_design_consistency_and_traceability_review.md; 22_product_basic_design.md; 23_api_interface_design.md; 30_detailed_design.md
FR-007,FR-007,Requirement,PARTIAL_MATCH,Case B,Executionは受付時のResearch Context snapshotとhashを保持する,Execution context snapshot semantics,D1,ACTIVE,IMPLEMENTED,BASELINE,reproducibility,,完全なResearchContext object複製を必須にせずcurrent immutable references/snapshot metadataを正本とする。,product/domain/analysis_specification.py; product/persistence/orm_models.py; workspace lifecycle/query services,"Execution persists analysis_spec_json/objective/rationale and snapshot hash, but a dedicated complete ResearchContext snapshot+hash contract was not confirmed.",03_requirements_revision.md; 04_design_revision.md; 05_requirements_design_consistency_and_traceability_review.md; 10_requirements_definition.md; 22_product_basic_design.md; 23_api_interface_design.md; 30_detailed_design.md
FR-008,FR-008,Requirement,PARTIAL_MATCH,Case B,Contextの履歴、利用Analysisおよび関連Resultを確認できる,Canonical Context usage index to Analysis/Result,D2,ACTIVE,PARTIAL,ENH-E5,lineage_traceability,,既存lineage/read-modelを拡張しContext usageのtraceabilityを完成させる。,product/domain/analysis_specification.py; product/persistence/orm_models.py; workspace lifecycle/query services,Context usage covers AnalysisSpecification plus historical/compatibility family execution/result projections; it is not a complete canonical Execution/Result usage index.,03_requirements_revision.md; 04_design_revision.md; 05_requirements_design_consistency_and_traceability_review.md; 10_requirements_definition.md; 22_product_basic_design.md; 23_api_interface_design.md; 30_detailed_design.md; GXX/06_*.md or Pxx; GXX/07_*.md
FR-011,FR-011,Requirement,PARTIAL_MATCH,Case B,Dataset Versionにcontent hash、schema、row count、column count、基本profileを保存する,DatasetVersion registration metadata/profile semantics,D1,ACTIVE,IMPLEMENTED,BASELINE,exploratory_workflow,,registration時のbasic profile必須化を撤回しcurrent schema/shape/hash contractを正本とする。,product/domain/analysis_view.py; interfaces/web_api/routers/dataset_versions.py; exploratory/view compiler; frontend,"DatasetVersion stores profile_summary_json, but registration computes schema/row/column counts and does not compute the required basic profile.",03_requirements_revision.md; 04_design_revision.md; 05_requirements_design_consistency_and_traceability_review.md; 10_requirements_definition.md; 22_product_basic_design.md; 23_api_interface_design.md; 30_detailed_design.md
FR-025a,FR-025,Requirement,PARTIAL_MATCH,Case B,欠損パターンおよび列別missingnessを確認できる,Column missingness,D1,ACTIVE,IMPLEMENTED,BASELINE,exploratory_workflow,,現実装の列別missingnessをcurrent contractとして維持する。,capabilities/exploratory/planner.py; capabilities/exploratory/runners.py; interfaces/web_api/routers/exploration.py,Column missingness/profile exists; explicit missing-pattern analysis was not confirmed.,03_requirements_revision.md; 04_design_revision.md; 05_requirements_design_consistency_and_traceability_review.md; 10_requirements_definition.md; 22_product_basic_design.md; 23_api_interface_design.md; 30_detailed_design.md
FR-025b,FR-025,Requirement,PARTIAL_MATCH,Case B,欠損パターンおよび列別missingnessを確認できる,Joint missing-pattern analysis,D3,DEFERRED,PARTIAL,FUTURE,exploratory_workflow,TD-007,追加Exploratory analytical capabilityとして延期する。,capabilities/exploratory/planner.py; capabilities/exploratory/runners.py; interfaces/web_api/routers/exploration.py,Column missingness/profile exists; explicit missing-pattern analysis was not confirmed.,03_requirements_revision.md; 04_design_revision.md; 05_requirements_design_consistency_and_traceability_review.md; 10_requirements_definition.md; 22_product_basic_design.md; 23_api_interface_design.md; 30_detailed_design.md; 90_technical_debt_and_future_enhancements.md
FR-026a,FR-026,Requirement,PARTIAL_MATCH,Case B,二変量の散布、箱ひげ、クロス集計および関連指標を生成できる,Existing association/bivariate capability,D1,ACTIVE,IMPLEMENTED,BASELINE,exploratory_workflow,,現実装で成立しているassociation capabilityを正本とする。,capabilities/exploratory/planner.py; capabilities/exploratory/runners.py; interfaces/web_api/routers/exploration.py,"Association operations exist, but the full requested scatter/box/crosstab surface set is not implemented as stated.",03_requirements_revision.md; 04_design_revision.md; 05_requirements_design_consistency_and_traceability_review.md; 10_requirements_definition.md; 22_product_basic_design.md; 23_api_interface_design.md; 30_detailed_design.md
FR-026b,FR-026,Requirement,PARTIAL_MATCH,Case B,二変量の散布、箱ひげ、クロス集計および関連指標を生成できる,Full scatter/box/crosstab surface set,D3,DEFERRED,PARTIAL,FUTURE,exploratory_workflow,TD-007,追加visualization surfaceはfutureへ送る。,capabilities/exploratory/planner.py; capabilities/exploratory/runners.py; interfaces/web_api/routers/exploration.py,"Association operations exist, but the full requested scatter/box/crosstab surface set is not implemented as stated.",03_requirements_revision.md; 04_design_revision.md; 05_requirements_design_consistency_and_traceability_review.md; 10_requirements_definition.md; 22_product_basic_design.md; 23_api_interface_design.md; 30_detailed_design.md; 90_technical_debt_and_future_enhancements.md
FR-034,FR-034,Requirement,PARTIAL_MATCH,Case B,可視化の描画条件、集計条件、samplingおよびcode versionを保存する,Persist analysis-significant rendering/aggregation/sampling parameters,D2,ACTIVE,PARTIAL,ENH-E5,exploratory_workflow,,Findings/handoffの再構成可能性のため分析意味を変える条件を保存する。,capabilities/exploratory/planner.py; capabilities/exploratory/runners.py; interfaces/web_api/routers/exploration.py,"Sampling/spec/code-version information exists across contracts, but complete rendering/aggregation-condition persistence as stated was not confirmed.",03_requirements_revision.md; 04_design_revision.md; 05_requirements_design_consistency_and_traceability_review.md; 10_requirements_definition.md; 22_product_basic_design.md; 23_api_interface_design.md; 30_detailed_design.md; GXX/06_*.md or Pxx; GXX/07_*.md
FR-048,FR-048,Requirement,PARTIAL_MATCH,Case B,overlap、balance、weight、sample loss等をDiagnostics Resultとして分離保存する,Estimator-applicable causal diagnostics,D1,ACTIVE,IMPLEMENTED,BASELINE,predictive_scientific,,全estimatorへ同一diagnostic setを強制せず適用可能なdiagnosticを生成するcurrent capability modelを正とする。,product/application/scientific_validation_service.py; capabilities/causal/workflow.py; graph services/domain,"Causal diagnostics exist and estimator capabilities declare several diagnostics, but the full overlap/balance/weight/sample-loss set is not uniformly produced.",03_requirements_revision.md; 04_design_revision.md; 05_requirements_design_consistency_and_traceability_review.md; 10_requirements_definition.md; 22_product_basic_design.md; 23_api_interface_design.md; 30_detailed_design.md
FR-051,FR-051,Requirement,PARTIAL_MATCH,Case B,同一Project・Datasetの先行Discoveryを確認し、確認的Estimationへ探索後推論警告を保存する,Prior exploratory use warning before confirmatory estimation,D2,ACTIVE,PARTIAL,ENH-E5,scientific_comparability,,探索後推論guardをFamily handoffと一貫して完成させる。,product/application/scientific_validation_service.py; capabilities/causal/workflow.py; graph services/domain,"Cross-analysis scientific warning behavior exists in parts of the product, but the exact same-Project/same-Dataset prior-Discovery warning contract was not fully confirmed.",03_requirements_revision.md; 04_design_revision.md; 05_requirements_design_consistency_and_traceability_review.md; 10_requirements_definition.md; 22_product_basic_design.md; 23_api_interface_design.md; 30_detailed_design.md; GXX/06_*.md or Pxx; GXX/07_*.md
FR-054,FR-054,Requirement,PARTIAL_MATCH,Case B,Causal ResultからQuestion、Design、Graph、Eligibility、上流Resultへ遡れる,Causal upstream lineage completeness,D2,ACTIVE,PARTIAL,ENH-E5,lineage_traceability,,Question/Design/Graph/Eligibility/upstream Resultへの意味的traceabilityを完成させる。,product/application/scientific_validation_service.py; capabilities/causal/workflow.py; graph services/domain,"Canonical lineage covers major upstream entities, but the full Question/Design/Graph/Eligibility/upstream Result chain as one complete contract is not fully represented.",03_requirements_revision.md; 04_design_revision.md; 05_requirements_design_consistency_and_traceability_review.md; 10_requirements_definition.md; 22_product_basic_design.md; 23_api_interface_design.md; 30_detailed_design.md; GXX/06_*.md or Pxx; GXX/07_*.md
FR-068,FR-068,Requirement,PARTIAL_MATCH,Case B,prediction、residual / error、metric、model、preprocessorをArtifactとして保存する,Result vs Artifact responsibility for predictive outputs,D1,ACTIVE,IMPLEMENTED,BASELINE,canonical_result_artifact,,model/preprocessor/prediction等のArtifactとmetric/error等のResult payload責務をcurrent canonical modelとして採用する。,capabilities/predictive/validation.py; planner.py; metrics.py; training/explanation runners,"Model/preprocessor/prediction artifacts exist, but metrics/errors are primarily Result payloads rather than all being Artifact resources as stated.",03_requirements_revision.md; 04_design_revision.md; 05_requirements_design_consistency_and_traceability_review.md; 10_requirements_definition.md; 22_product_basic_design.md; 23_api_interface_design.md; 30_detailed_design.md
FR-072,FR-072,Requirement,PARTIAL_MATCH,Case B,同一Taskのmodel、split、feature、metric差分を比較できる,Predictive comparison semantic guard,D2,ACTIVE,PARTIAL,ENH-E5,scientific_comparability,,AR-017と同一root decision。,capabilities/predictive/validation.py; planner.py; metrics.py; training/explanation runners,Comparison enforces same family/result type; it does not fully validate same Task/split/feature/metric semantics.,03_requirements_revision.md; 04_design_revision.md; 05_requirements_design_consistency_and_traceability_review.md; 10_requirements_definition.md; 22_product_basic_design.md; 23_api_interface_design.md; 30_detailed_design.md; GXX/06_*.md or Pxx; GXX/07_*.md
FR-082,FR-082,Requirement,PARTIAL_MATCH,Case B,同一idempotency keyと同一bodyのCommandを重複実行しない,Command idempotency semantics/coverage,D2,ACTIVE,PARTIAL,ENH-E5,command_idempotency,,FR-114bと同一root decision。,product/workflow/*; domain/execution_plan.py; execution.py; stage_execution.py; worker,"Idempotency exists on selected command endpoints, not every Command universally.",03_requirements_revision.md; 04_design_revision.md; 05_requirements_design_consistency_and_traceability_review.md; 10_requirements_definition.md; 22_product_basic_design.md; 23_api_interface_design.md; 30_detailed_design.md; GXX/06_*.md or Pxx; GXX/07_*.md
FR-086a,FR-086,Requirement,PARTIAL_MATCH,Case B,Stageごとのtimeout、resource limit、random seedを記録する,Effective random seed persistence for stochastic stages,D2,ACTIVE,PARTIAL,ENH-E5,reproducibility,,再現性の直接入力であるeffective seedを保存する。,product/workflow/*; domain/execution_plan.py; execution.py; stage_execution.py; worker,"Random seed and some timeout/lifecycle data exist, but a universal per-stage timeout/resource-limit/random-seed persisted contract is not implemented.",03_requirements_revision.md; 04_design_revision.md; 05_requirements_design_consistency_and_traceability_review.md; 10_requirements_definition.md; 22_product_basic_design.md; 23_api_interface_design.md; 30_detailed_design.md; GXX/06_*.md or Pxx; GXX/07_*.md
FR-086b,FR-086,Requirement,PARTIAL_MATCH,Case B,Stageごとのtimeout、resource limit、random seedを記録する,Per-stage timeout/resource limit persistence,D3,DEFERRED,PARTIAL,FUTURE,resource_control,TD-004,resource control decisionへ統合して延期する。,product/workflow/*; domain/execution_plan.py; execution.py; stage_execution.py; worker,"Random seed and some timeout/lifecycle data exist, but a universal per-stage timeout/resource-limit/random-seed persisted contract is not implemented.",03_requirements_revision.md; 04_design_revision.md; 05_requirements_design_consistency_and_traceability_review.md; 10_requirements_definition.md; 22_product_basic_design.md; 23_api_interface_design.md; 30_detailed_design.md; 90_technical_debt_and_future_enhancements.md
FR-087a,FR-087,Requirement,PARTIAL_MATCH,Case B,code、runtime、library、schema versionをExecution snapshotへ固定する,Code/runtime/schema snapshot metadata,D1,ACTIVE,IMPLEMENTED,BASELINE,reproducibility,,current execution snapshot metadataを正本とする。,product/workflow/*; domain/execution_plan.py; execution.py; stage_execution.py; worker,"Execution stores code_version/runtime_version_json/schema snapshot, but universal explicit library-version capture was not established.",03_requirements_revision.md; 04_design_revision.md; 05_requirements_design_consistency_and_traceability_review.md; 10_requirements_definition.md; 22_product_basic_design.md; 23_api_interface_design.md; 30_detailed_design.md
FR-087b,FR-087,Requirement,PARTIAL_MATCH,Case B,code、runtime、library、schema versionをExecution snapshotへ固定する,Effective library version capture,D2,ACTIVE,PARTIAL,ENH-E5,reproducibility,,再現性coverageを完成させるためlibrary environmentを明示記録する。,product/workflow/*; domain/execution_plan.py; execution.py; stage_execution.py; worker,"Execution stores code_version/runtime_version_json/schema snapshot, but universal explicit library-version capture was not established.",03_requirements_revision.md; 04_design_revision.md; 05_requirements_design_consistency_and_traceability_review.md; 10_requirements_definition.md; 22_product_basic_design.md; 23_api_interface_design.md; 30_detailed_design.md; GXX/06_*.md or Pxx; GXX/07_*.md
FR-095,FR-095,Requirement,PARTIAL_MATCH,Case B,ResultからContext、Dataset、View、Spec、Plan、Stage、Artifactへ遡る,Result lineage to Context/Dataset/View/Spec/Plan/Stage/Artifact,D2,ACTIVE,PARTIAL,ENH-E5,lineage_traceability,,既存lineageをSpec/Plan/Stage chainまで完成させる。,product/persistence/orm_models.py; product/application/product_closure_service.py; comparison/lineage services; results router,"Lineage covers Project/Dataset/View/Execution/Result/Artifact/Graph/Annotation relationships, but does not expose the full Spec/Plan/Stage chain requested.",03_requirements_revision.md; 04_design_revision.md; 05_requirements_design_consistency_and_traceability_review.md; 10_requirements_definition.md; 22_product_basic_design.md; 23_api_interface_design.md; 30_detailed_design.md; GXX/06_*.md or Pxx; GXX/07_*.md
FR-107,FR-107,Requirement,PARTIAL_MATCH,Case B,操作可否をBackendの正本状態から導出し、拒否理由を表示する,Backend-authoritative action availability / rejection reason,D2,ACTIVE,PARTIAL,ENH-E5,frontend_navigation_and_state,,新Family/Stage UIでfrontend独自推測を避けるため統一する。,product/persistence/orm_models.py; product/application/product_closure_service.py; comparison/lineage services; results router,"Some APIs expose allowed_actions/backend-derived state, but this policy is not uniformly enforced across all controls.",03_requirements_revision.md; 04_design_revision.md; 05_requirements_design_consistency_and_traceability_review.md; 10_requirements_definition.md; 22_product_basic_design.md; 23_api_interface_design.md; 30_detailed_design.md; GXX/06_*.md or Pxx; GXX/07_*.md
FR-109,FR-109,Requirement,PARTIAL_MATCH,Case B,非同期処理のloading、empty、partial、error、cancel状態を区別する,Async UI state taxonomy loading/empty/partial/error/cancel,D2,ACTIVE,PARTIAL,ENH-E5,frontend_navigation_and_state,,ENH-E5 UI改修の直接領域としてstate semanticsを統一する。,product/persistence/orm_models.py; product/application/product_closure_service.py; comparison/lineage services; results router,"Loading/empty/error states exist in places, but the full loading/empty/partial/error/cancel state taxonomy is not consistently implemented.",03_requirements_revision.md; 04_design_revision.md; 05_requirements_design_consistency_and_traceability_review.md; 10_requirements_definition.md; 22_product_basic_design.md; 23_api_interface_design.md; 30_detailed_design.md; GXX/06_*.md or Pxx; GXX/07_*.md
FR-111,FR-111,Requirement,PARTIAL_MATCH,Case B,keyboard操作、focus、label、contrast等の基本accessibilityを満たす,Keyboard/focus/label/contrast accessibility,D2,ACTIVE,PARTIAL,ENH-E5,frontend_navigation_and_state,,新UI surfaceで基本accessibility acceptanceを完成させる。,frontend/app.js; frontend/index.html; interfaces/web_api/app.py; routers,"Labels/ARIA/keyboard-related markup exists, but complete keyboard/focus/contrast conformance was not demonstrated.",03_requirements_revision.md; 04_design_revision.md; 05_requirements_design_consistency_and_traceability_review.md; 10_requirements_definition.md; 22_product_basic_design.md; 23_api_interface_design.md; 30_detailed_design.md; GXX/06_*.md or Pxx; GXX/07_*.md
FR-120a,FR-120,Requirement,PARTIAL_MATCH,Case B,OpenAPIとSchema exampleを正本contractと同期する,OpenAPI generated from runtime API schema,D1,ACTIVE,IMPLEMENTED,BASELINE,architecture_overstatement,,current FastAPI OpenAPI generationを正本として維持する。,interfaces/web_api/app.py; routers; product_closure_service.py; dependencies.py; adapters,"FastAPI generates OpenAPI, but systematic synchronization of canonical schema examples was not established.",03_requirements_revision.md; 04_design_revision.md; 05_requirements_design_consistency_and_traceability_review.md; 10_requirements_definition.md; 22_product_basic_design.md; 23_api_interface_design.md; 30_detailed_design.md
FR-120b,FR-120,Requirement,PARTIAL_MATCH,Case B,OpenAPIとSchema exampleを正本contractと同期する,Systematic canonical schema-example synchronization,D3,DEFERRED,PARTIAL,FUTURE,architecture_overstatement,TD-013,全exampleの同期/検証基盤はENH-E5のdirect dependencyではない。,interfaces/web_api/app.py; routers; product_closure_service.py; dependencies.py; adapters,"FastAPI generates OpenAPI, but systematic synchronization of canonical schema examples was not established.",03_requirements_revision.md; 04_design_revision.md; 05_requirements_design_consistency_and_traceability_review.md; 10_requirements_definition.md; 22_product_basic_design.md; 23_api_interface_design.md; 30_detailed_design.md; 90_technical_debt_and_future_enhancements.md
FR-121,FR-121,Requirement,PARTIAL_MATCH,Case B,Project単位でread、write、operate権限を検証する,Uniform Project-scoped authorization,D2,ACTIVE,PARTIAL,ENH-E5,authorization,,D10-005bと同一root decision。,interfaces/web_api/app.py; routers; product_closure_service.py; dependencies.py; adapters,"Project Closure enforces OWNER/EDITOR/VIEWER roles, but not all routers uniformly pass through that authorization boundary.",03_requirements_revision.md; 04_design_revision.md; 05_requirements_design_consistency_and_traceability_review.md; 10_requirements_definition.md; 22_product_basic_design.md; 23_api_interface_design.md; 30_detailed_design.md; GXX/06_*.md or Pxx; GXX/07_*.md
FR-123a,FR-123,Requirement,PARTIAL_MATCH,Case B,preview、artifact、prediction outputへの機微データ露出を権限と設定で制限する,Project authorization across preview/artifact/prediction output,D2,ACTIVE,PARTIAL,ENH-E5,security_privacy,,既存Project authorization boundaryをsensitive output surfaceへ一貫適用する。,interfaces/web_api/app.py; routers; product_closure_service.py; dependencies.py; adapters,"Sensitive Result payload suppression exists, but uniform policy over preview/artifact/prediction output and configurable controls is not complete.",03_requirements_revision.md; 04_design_revision.md; 05_requirements_design_consistency_and_traceability_review.md; 10_requirements_definition.md; 22_product_basic_design.md; 23_api_interface_design.md; 30_detailed_design.md; GXX/06_*.md or Pxx; GXX/07_*.md
FR-123b,FR-123,Requirement,PARTIAL_MATCH,Case B,preview、artifact、prediction outputへの機微データ露出を権限と設定で制限する,Configurable exposure policy based on sensitive metadata,D3,DEFERRED,PARTIAL,FUTURE,security_privacy,TD-006,FR-021のfuture governance targetと統合して延期する。,interfaces/web_api/app.py; routers; product_closure_service.py; dependencies.py; adapters,"Sensitive Result payload suppression exists, but uniform policy over preview/artifact/prediction output and configurable controls is not complete.",03_requirements_revision.md; 04_design_revision.md; 05_requirements_design_consistency_and_traceability_review.md; 10_requirements_definition.md; 22_product_basic_design.md; 23_api_interface_design.md; 30_detailed_design.md; 90_technical_debt_and_future_enhancements.md
FR-124a,FR-124,Requirement,PARTIAL_MATCH,Case B,Artifact downloadでProject権限とcontent dispositionを検証する,Existing project-scoped artifact download + safe content disposition,D1,ACTIVE,IMPLEMENTED,BASELINE,authorization,,現実装で成立しているdownload contractを正本とする。,interfaces/web_api/app.py; routers; product_closure_service.py; dependencies.py; adapters,"Project-scoped closure artifact download enforces project role and safe headers, but not every artifact route shares the same authorization boundary.",03_requirements_revision.md; 04_design_revision.md; 05_requirements_design_consistency_and_traceability_review.md; 10_requirements_definition.md; 22_product_basic_design.md; 23_api_interface_design.md; 30_detailed_design.md
FR-124b,FR-124,Requirement,PARTIAL_MATCH,Case B,Artifact downloadでProject権限とcontent dispositionを検証する,Uniform artifact-route authorization coverage,D2,ACTIVE,PARTIAL,ENH-E5,authorization,,D10-005b/FR-121と同一root decision。,interfaces/web_api/app.py; routers; product_closure_service.py; dependencies.py; adapters,"Project-scoped closure artifact download enforces project role and safe headers, but not every artifact route shares the same authorization boundary.",03_requirements_revision.md; 04_design_revision.md; 05_requirements_design_consistency_and_traceability_review.md; 10_requirements_definition.md; 22_product_basic_design.md; 23_api_interface_design.md; 30_detailed_design.md; GXX/06_*.md or Pxx; GXX/07_*.md
NFR-001a,NFR-001,Requirement,PARTIAL_MATCH,Case B,同一snapshot、code version、seed、runtimeで再実行可能な情報を保持する,Current reproducibility snapshot/code/runtime metadata,D1,ACTIVE,IMPLEMENTED,BASELINE,reproducibility,,現実装で成立する再現性metadataを正本とする。,cross-cutting source/tests: domain/workflow/persistence/web API/worker/frontend/adapters,"Reproducibility metadata is substantial, but complete snapshot/code/seed/runtime coverage for every execution path was not established.",03_requirements_revision.md; 04_design_revision.md; 05_requirements_design_consistency_and_traceability_review.md; 10_requirements_definition.md; 22_product_basic_design.md; 23_api_interface_design.md; 30_detailed_design.md
NFR-001b,NFR-001,Requirement,PARTIAL_MATCH,Case B,同一snapshot、code version、seed、runtimeで再実行可能な情報を保持する,Seed/library-environment reproducibility coverage,D2,ACTIVE,PARTIAL,ENH-E5,reproducibility,,FR-086a/FR-087bの上位NFRとしてcoverageを完成させる。,cross-cutting source/tests: domain/workflow/persistence/web API/worker/frontend/adapters,"Reproducibility metadata is substantial, but complete snapshot/code/seed/runtime coverage for every execution path was not established.",03_requirements_revision.md; 04_design_revision.md; 05_requirements_design_consistency_and_traceability_review.md; 10_requirements_definition.md; 22_product_basic_design.md; 23_api_interface_design.md; 30_detailed_design.md; GXX/06_*.md or Pxx; GXX/07_*.md
NFR-002,NFR-002,Requirement,PARTIAL_MATCH,Case B,すべてのResultがProject、Context、Dataset、Spec、Execution、Artifactへ遡れる,Complete Result traceability to Project/Context/Dataset/Spec/Execution/Artifact,D2,ACTIVE,PARTIAL,ENH-E5,lineage_traceability,,FR-008/054/095と整合してtraceabilityを完成させる。,cross-cutting source/tests: domain/workflow/persistence/web API/worker/frontend/adapters,Lineage is substantial but does not provide the full Project/Context/Dataset/Spec/Execution/Artifact trace for every Result as stated.,03_requirements_revision.md; 04_design_revision.md; 05_requirements_design_consistency_and_traceability_review.md; 10_requirements_definition.md; 22_product_basic_design.md; 23_api_interface_design.md; 30_detailed_design.md; GXX/06_*.md or Pxx; GXX/07_*.md
NFR-006a,NFR-006,Requirement,PARTIAL_MATCH,Case B,Worker再起動時もclaim、retry、artifact commitの二重実行を防ぐ,Current lease/claim/retry mechanics,D1,ACTIVE,IMPLEMENTED,BASELINE,worker_reliability,,current worker lease/claim/retry contractを正本とする。,cross-cutting source/tests: domain/workflow/persistence/web API/worker/frontend/adapters,Lease/claim/retry mechanisms exist; exactly-once artifact commit across worker restart was not fully established.,03_requirements_revision.md; 04_design_revision.md; 05_requirements_design_consistency_and_traceability_review.md; 10_requirements_definition.md; 22_product_basic_design.md; 23_api_interface_design.md; 30_detailed_design.md
NFR-006b,NFR-006,Requirement,PARTIAL_MATCH,Case B,Worker再起動時もclaim、retry、artifact commitの二重実行を防ぐ,Idempotent Artifact commit across retry/restart,D2,ACTIVE,PARTIAL,ENH-E5,worker_reliability,,再実行時の重複副作用防止をENH-E5で補完する。,cross-cutting source/tests: domain/workflow/persistence/web API/worker/frontend/adapters,Lease/claim/retry mechanisms exist; exactly-once artifact commit across worker restart was not fully established.,03_requirements_revision.md; 04_design_revision.md; 05_requirements_design_consistency_and_traceability_review.md; 10_requirements_definition.md; 22_product_basic_design.md; 23_api_interface_design.md; 30_detailed_design.md; GXX/06_*.md or Pxx; GXX/07_*.md
NFR-007,NFR-007,Requirement,PARTIAL_MATCH,Case B,Metadata transactionとArtifact書込みの失敗補償を定義する,Metadata/Artifact cross-store failure compensation,D3,DEFERRED,PARTIAL,FUTURE,worker_reliability,TD-014,独立したcross-store compensation protocolとして延期する。,cross-cutting source/tests: domain/workflow/persistence/web API/worker/frontend/adapters,"Metadata transactions and artifact storage exist, but a complete documented/implemented compensation protocol for cross-store failures was not established.",03_requirements_revision.md; 04_design_revision.md; 05_requirements_design_consistency_and_traceability_review.md; 10_requirements_definition.md; 22_product_basic_design.md; 23_api_interface_design.md; 30_detailed_design.md; 90_technical_debt_and_future_enhancements.md
NFR-008a,NFR-008,Requirement,PARTIAL_MATCH,Case B,認証、認可、入力検証、path traversal防止、secret非露出を行う,Existing input validation/path safeguards,D1,ACTIVE,IMPLEMENTED,BASELINE,security_privacy,,current実装で確認されたsecurity safeguardsを正本とする。,cross-cutting source/tests: domain/workflow/persistence/web API/worker/frontend/adapters,Input validation/path safeguards exist in parts; authentication/authorization is not uniformly applied to all API routes.,03_requirements_revision.md; 04_design_revision.md; 05_requirements_design_consistency_and_traceability_review.md; 10_requirements_definition.md; 22_product_basic_design.md; 23_api_interface_design.md; 30_detailed_design.md
NFR-008b,NFR-008,Requirement,PARTIAL_MATCH,Case B,認証、認可、入力検証、path traversal防止、secret非露出を行う,Project authorization coverage,D2,ACTIVE,PARTIAL,ENH-E5,security_privacy,,Authorization root decisionを継承する。,cross-cutting source/tests: domain/workflow/persistence/web API/worker/frontend/adapters,Input validation/path safeguards exist in parts; authentication/authorization is not uniformly applied to all API routes.,03_requirements_revision.md; 04_design_revision.md; 05_requirements_design_consistency_and_traceability_review.md; 10_requirements_definition.md; 22_product_basic_design.md; 23_api_interface_design.md; 30_detailed_design.md; GXX/06_*.md or Pxx; GXX/07_*.md
NFR-008c,NFR-008,Requirement,PARTIAL_MATCH,Case B,認証、認可、入力検証、path traversal防止、secret非露出を行う,Production-grade authentication/system security hardening,D3,DEFERRED,PARTIAL,FUTURE,security_privacy,TD-015,独立security enhancementとして延期する。,cross-cutting source/tests: domain/workflow/persistence/web API/worker/frontend/adapters,Input validation/path safeguards exist in parts; authentication/authorization is not uniformly applied to all API routes.,03_requirements_revision.md; 04_design_revision.md; 05_requirements_design_consistency_and_traceability_review.md; 10_requirements_definition.md; 22_product_basic_design.md; 23_api_interface_design.md; 30_detailed_design.md; 90_technical_debt_and_future_enhancements.md
NFR-009a,NFR-009,Requirement,PARTIAL_MATCH,Case B,機微列、prediction、local explanationの表示・exportを最小化できる,Existing sensitive Result suppression,D1,ACTIVE,IMPLEMENTED,BASELINE,security_privacy,,current sensitive-output suppressionを正本として維持する。,cross-cutting source/tests: domain/workflow/persistence/web API/worker/frontend/adapters,"Sensitive output suppression exists for Result detail, but full configurable minimization across prediction/local explanations/exports is partial.",03_requirements_revision.md; 04_design_revision.md; 05_requirements_design_consistency_and_traceability_review.md; 10_requirements_definition.md; 22_product_basic_design.md; 23_api_interface_design.md; 30_detailed_design.md
NFR-009b,NFR-009,Requirement,PARTIAL_MATCH,Case B,機微列、prediction、local explanationの表示・exportを最小化できる,Configurable prediction/local-explanation/export minimization,D3,DEFERRED,PARTIAL,FUTURE,security_privacy,TD-006,data-use/sensitive-output governance future targetへ統合する。,cross-cutting source/tests: domain/workflow/persistence/web API/worker/frontend/adapters,"Sensitive output suppression exists for Result detail, but full configurable minimization across prediction/local explanations/exports is partial.",03_requirements_revision.md; 04_design_revision.md; 05_requirements_design_consistency_and_traceability_review.md; 10_requirements_definition.md; 22_product_basic_design.md; 23_api_interface_design.md; 30_detailed_design.md; 90_technical_debt_and_future_enhancements.md
NFR-010a,NFR-010,Requirement,PARTIAL_MATCH,Case B,APIとWorkerの障害を分離し、実行中断と再開可否を明示する,API/Worker process separation,D1,ACTIVE,IMPLEMENTED,BASELINE,worker_reliability,,current process separationを正本とする。,cross-cutting source/tests: domain/workflow/persistence/web API/worker/frontend/adapters,"API and Worker are separate processes/contracts, but explicit restart/resume semantics are partial.",03_requirements_revision.md; 04_design_revision.md; 05_requirements_design_consistency_and_traceability_review.md; 10_requirements_definition.md; 22_product_basic_design.md; 23_api_interface_design.md; 30_detailed_design.md
NFR-010b,NFR-010,Requirement,PARTIAL_MATCH,Case B,APIとWorkerの障害を分離し、実行中断と再開可否を明示する,Explicit restart/resume semantics,D3,DEFERRED,PARTIAL,FUTURE,worker_reliability,TD-017,独立worker reliability enhancementとして延期する。,cross-cutting source/tests: domain/workflow/persistence/web API/worker/frontend/adapters,"API and Worker are separate processes/contracts, but explicit restart/resume semantics are partial.",03_requirements_revision.md; 04_design_revision.md; 05_requirements_design_consistency_and_traceability_review.md; 10_requirements_definition.md; 22_product_basic_design.md; 23_api_interface_design.md; 30_detailed_design.md; 90_technical_debt_and_future_enhancements.md
NFR-011a,NFR-011,Requirement,PARTIAL_MATCH,Case B,structured log、correlation id、execution id、stage id、metricを出力する,Existing request/execution/stage logging identifiers,D1,ACTIVE,IMPLEMENTED,BASELINE,worker_reliability,,current logging contextを正本とする。,cross-cutting source/tests: domain/workflow/persistence/web API/worker/frontend/adapters,"Request/execution/stage identifiers exist, but comprehensive structured logs and metrics are not uniformly implemented.",03_requirements_revision.md; 04_design_revision.md; 05_requirements_design_consistency_and_traceability_review.md; 10_requirements_definition.md; 22_product_basic_design.md; 23_api_interface_design.md; 30_detailed_design.md
NFR-011b,NFR-011,Requirement,PARTIAL_MATCH,Case B,structured log、correlation id、execution id、stage id、metricを出力する,Comprehensive structured logging + metrics,D3,DEFERRED,PARTIAL,FUTURE,worker_reliability,TD-018,observability overhaulとして延期する。,cross-cutting source/tests: domain/workflow/persistence/web API/worker/frontend/adapters,"Request/execution/stage identifiers exist, but comprehensive structured logs and metrics are not uniformly implemented.",03_requirements_revision.md; 04_design_revision.md; 05_requirements_design_consistency_and_traceability_review.md; 10_requirements_definition.md; 22_product_basic_design.md; 23_api_interface_design.md; 30_detailed_design.md; 90_technical_debt_and_future_enhancements.md
NFR-012,NFR-012,Requirement,PARTIAL_MATCH,Case B,主要操作をkeyboardで実行でき、状態を色だけで伝えない,Keyboard + non-color state accessibility,D2,ACTIVE,PARTIAL,ENH-E5,frontend_navigation_and_state,,FR-111と同一root decision。,cross-cutting source/tests: domain/workflow/persistence/web API/worker/frontend/adapters,"Some accessibility support exists, but complete keyboard/non-color state conformance was not evidenced.",03_requirements_revision.md; 04_design_revision.md; 05_requirements_design_consistency_and_traceability_review.md; 10_requirements_definition.md; 22_product_basic_design.md; 23_api_interface_design.md; 30_detailed_design.md; GXX/06_*.md or Pxx; GXX/07_*.md
AR-004,AR-004,Requirement,PARTIAL_MATCH,Case B,同一データで探索後に確認的分析を行った事実を警告とLineageで保持する,Same-data exploratory→confirmatory warning + lineage,D2,ACTIVE,PARTIAL,ENH-E5,scientific_comparability,,FR-051と同一root decision。,family capability validation/runners; comparison/lineage/product closure services,"Warnings/lineage support exists, but the exact same-data exploratory-then-confirmatory tracking contract was not fully established.",03_requirements_revision.md; 04_design_revision.md; 05_requirements_design_consistency_and_traceability_review.md; 10_requirements_definition.md; 22_product_basic_design.md; 23_api_interface_design.md; 30_detailed_design.md; GXX/06_*.md or Pxx; GXX/07_*.md
AR-020,AR-020,Requirement,PARTIAL_MATCH,Case B,local explanationやprediction rowを機微情報として扱える,Treat local explanation/prediction row as potentially sensitive output,D2,ACTIVE,PARTIAL,ENH-E5,security_privacy,,row-level outputを既存authorization/sensitive boundaryへ載せる。,family capability validation/runners; comparison/lineage/product closure services,"Sensitive Result handling exists, but row-level prediction/local-explanation handling as a uniform policy is partial.",03_requirements_revision.md; 04_design_revision.md; 05_requirements_design_consistency_and_traceability_review.md; 10_requirements_definition.md; 22_product_basic_design.md; 23_api_interface_design.md; 30_detailed_design.md; GXX/06_*.md or Pxx; GXX/07_*.md
D22-003a,D22-003,Design,PARTIAL_MATCH,Case B,"SQL, Filesystem/Object Storage, scientific library, ML library are implemented Port/Adapter variants",Current implemented Port/Adapter boundary,D1,ACTIVE,IMPLEMENTED,BASELINE,storage_portability,,sourceで確認されたLocalArtifactStore/scientific-core等の境界だけをcurrent designに記載する。,src/ariadne/adapters; interfaces/web_api/dependencies.py; product/ports/scientific_core.py,"LocalArtifactStore exists and scientific core has a port boundary, but there is no object-storage adapter and adapter taxonomy is not implemented as broadly as written.",03_requirements_revision.md; 04_design_revision.md; 05_requirements_design_consistency_and_traceability_review.md; 22_product_basic_design.md; 23_api_interface_design.md; 30_detailed_design.md
D22-003b,D22-003,Design,PARTIAL_MATCH,Case B,"SQL, Filesystem/Object Storage, scientific library, ML library are implemented Port/Adapter variants",Object-storage / broader adapter variants,D3,DEFERRED,PARTIAL,FUTURE,storage_portability,TD-005,future storage portabilityへ送る。,src/ariadne/adapters; interfaces/web_api/dependencies.py; product/ports/scientific_core.py,"LocalArtifactStore exists and scientific core has a port boundary, but there is no object-storage adapter and adapter taxonomy is not implemented as broadly as written.",03_requirements_revision.md; 04_design_revision.md; 05_requirements_design_consistency_and_traceability_review.md; 22_product_basic_design.md; 23_api_interface_design.md; 30_detailed_design.md; 90_technical_debt_and_future_enhancements.md
D22-013a,D22-013,Design,PARTIAL_MATCH,Case B,all listed test seams/benchmarks are present as implemented test architecture,Existing core test architecture,D1,ACTIVE,IMPLEMENTED,BASELINE,test_architecture,,current domain/workflow/API/scientific testsを正本として記述する。,tests/; prior E4 verification artifacts,"Core domain/workflow/API/scientific tests exist, but the full approved target test architecture (including all browser/accessibility/performance surfaces) is not completely evidenced.",03_requirements_revision.md; 04_design_revision.md; 05_requirements_design_consistency_and_traceability_review.md; 22_product_basic_design.md; 23_api_interface_design.md; 30_detailed_design.md
D22-013b,D22-013,Design,PARTIAL_MATCH,Case B,all listed test seams/benchmarks are present as implemented test architecture,Verification surfaces for D2 requirements,D2,ACTIVE,PARTIAL,ENH-E5,test_architecture,,今回D2としたRequirementのverificationを07へ追加するderived decision。,tests/; prior E4 verification artifacts,"Core domain/workflow/API/scientific tests exist, but the full approved target test architecture (including all browser/accessibility/performance surfaces) is not completely evidenced.",03_requirements_revision.md; 04_design_revision.md; 05_requirements_design_consistency_and_traceability_review.md; 22_product_basic_design.md; 23_api_interface_design.md; 30_detailed_design.md; GXX/06_*.md or Pxx; GXX/07_*.md
D22-013c,D22-013,Design,PARTIAL_MATCH,Case B,all listed test seams/benchmarks are present as implemented test architecture,Verification surfaces owned by D3 requirements,D3,DEFERRED,PARTIAL,FUTURE,test_architecture,,D3へ送ったcapabilityのacceptanceをENH-E5に要求しないderived decision。,tests/; prior E4 verification artifacts,"Core domain/workflow/API/scientific tests exist, but the full approved target test architecture (including all browser/accessibility/performance surfaces) is not completely evidenced.",03_requirements_revision.md; 04_design_revision.md; 05_requirements_design_consistency_and_traceability_review.md; 22_product_basic_design.md; 23_api_interface_design.md; 30_detailed_design.md; 90_technical_debt_and_future_enhancements.md
D30-018a,D30-018,Design,PARTIAL_MATCH,Case B,tests covering current domain/runtime/API contracts,Existing detailed contract tests,D1,ACTIVE,IMPLEMENTED,BASELINE,test_architecture,,current verified test seamsを正本として記述する。,tests/; E4 verification artifacts,Detailed design includes target verification surfaces beyond what can be established as complete E4 implementation; current core contract tests exist but full set is not evidenced.,03_requirements_revision.md; 04_design_revision.md; 05_requirements_design_consistency_and_traceability_review.md; 22_product_basic_design.md; 23_api_interface_design.md; 30_detailed_design.md
D30-018b,D30-018,Design,PARTIAL_MATCH,Case B,tests covering current domain/runtime/API contracts,Detailed verification for D2 requirements,D2,ACTIVE,PARTIAL,ENH-E5,test_architecture,,D2 requirementsに必要なtest seamsを30/07へ追加するderived decision。,tests/; E4 verification artifacts,Detailed design includes target verification surfaces beyond what can be established as complete E4 implementation; current core contract tests exist but full set is not evidenced.,03_requirements_revision.md; 04_design_revision.md; 05_requirements_design_consistency_and_traceability_review.md; 22_product_basic_design.md; 23_api_interface_design.md; 30_detailed_design.md; GXX/06_*.md or Pxx; GXX/07_*.md
D30-018c,D30-018,Design,PARTIAL_MATCH,Case B,tests covering current domain/runtime/API contracts,Detailed verification owned by D3 requirements,D3,DEFERRED,PARTIAL,FUTURE,test_architecture,,D3 scopeのtest targetはENH-E5から外すderived decision。,tests/; E4 verification artifacts,Detailed design includes target verification surfaces beyond what can be established as complete E4 implementation; current core contract tests exist but full set is not evidenced.,03_requirements_revision.md; 04_design_revision.md; 05_requirements_design_consistency_and_traceability_review.md; 22_product_basic_design.md; 23_api_interface_design.md; 30_detailed_design.md; 90_technical_debt_and_future_enhancements.md
NFR-019,NFR-019,Requirement,UNVERIFIED,,現行の正本requirements/design snapshotだけで機能・データ・API・詳細設計を理解できる,Documentation self-containment,D2,ACTIVE,N/A (documentation); verification=FAIL,ENH-E5,documentation_self_containment,,現行v5はPARTIAL_MATCH/FAIL。正本文書10/21/22/23/30だけでcurrent+E5 targetを理解可能にするdocumentation remediationを行う。,cross-cutting source/tests: domain/workflow/persistence/web API/worker/frontend/adapters,Documentation-only requirement; cannot be established from source implementation alone.,03_requirements_revision.md; 04_design_revision.md; 05_requirements_design_consistency_and_traceability_review.md; 10_requirements_definition.md; 22_product_basic_design.md; 23_api_interface_design.md; 30_detailed_design.md; GXX/06_*.md or Pxx; GXX/07_*.md
